word,level
Abandon,level2
Abashed,level2
Abate,level1
Abbreviate,level3
Abduct,level1
Aberrant,level3
Aberration,level4
Abhor,level1
Abhorrent,level3
Ablest,level1
Abode,level1
Abominable,level4
Abomination,level4
Abrasive,level3
Absence,level2
Absolute,level2
Absolution,level4
Absorbed,level2
Abstract,level2
Abstruse,level2
Absurd,level1
Abundance,level3
Abundant,level3
Abysmal,level2
Abyss,level1
Accessible,level4
Acclaim,level1
Accolade,level2
Accusatory,level3
Accuse,level1
Accustom,level2
Acerbic,level2
Acquainted,level3
Acquiescence,level4
Acquire,level1
Acrimonious,level4
Acronym,level2
Acute,level1
Adamant,level2
Adequately,level3
Adhere,level1
Adherent,level3
Adjacent,level3
Adjourn,level1
Admirable,level3
Admission,level3
Adopt,level1
Adore,level1
Adorn,level1
Adulation,level4
Advance,level2
Adventurous,level4
Adversary,level3
Adverse,level1
Aesthetic,level3
Affable,level1
Affectionate,level3
Affinity,level4
Affirmation,level4
Affliction,level4
Affluent,level3
Aggressor,level2
Aghast,level1
Agitated,level3
Agnostic,level3
Agonising,level3
Agreeable,level3
Ailment,level2
Alacrity,level4
Albeit,level1
Alibi,level1
Alienate,level2
Allay,level1
Alleviate,level2
Alluring,level2
Allusion,level3
Aloof,level1
Altercation,level4
Altitude,level3
Altruistic,level4
Amateur,level2
Ambiguous,level3
Ambition,level3
Ambivalence,level4
Ambles,level1
Ambling,level1
Amend,level1
Amiable,level1
Amicable,level3
Amorphous,level3
Amphibian,level2
Amply,level1
Amusing,level2
Anagram,level2
Analogy,level3
Anarchist,level2
Androgynous,level4
Anecdote,level2
Anguish,level1
Animosity,level4
Annihilated,level3
Anomaly,level2
Antagonistic,level4
Antagonize,level3
Antidote,level2
Antipathy,level3
Antiquated,level3
Antiquity,level4
Antithesis,level3
Antonym,level2
Anxious,level1
Apathetic,level3
Apathy,level2
Aped,level1
Apex,level1
Aphorism,level3
Apoplectic,level4
Apparition,level4
Appeal,level1
Appearance,level4
Appease,level1
Apprehension,level4
Apprehensive,level4
Apprise,level1
Approve,level1
Arbitrary,level3
Archaic,level1
Ardour,level1
Arduous,level1
Argument,level3
Arid,level1
Aroma,level1
Arouse,level1
Array,level1
Arrogance,level3
Artful,level1
Article,level1
Articulate,level3
Artisan,level2
Ascendancy,level3
Ascent,level1
Ascetic,level2
Askance,level2
Aspiration,level4
Aspire,level1
Assemble,level2
Assented,level2
Assiduous,level3
Assistance,level4
Assuage,level1
Assumption,level4
Astounding,level3
Astute,level1
Asunder,level2
Atrocious,level3
Attached,level2
Attempt,level1
Attentive,level3
Attribute,level2
Audacious,level3
Augment,level2
Augmenting,level3
Auspicious,level4
Austere,level1
Austerity,level4
Authentic,level3
Authoritarian,level3
Autonomous,level4
Available,level3
Avenge,level1
Aversion,level3
Avowed,level2
Awkward,level1
Awry,level1
Axiom,level1
Baleful,level2
Banal,level1
Banish,level1
Barbarian,level2
Barbaric,level3
Bargain,level1
Barren,level1
Barricade,level2
Bashful,level1
Beautiful,level2
Because,level1
Becoming,level2
Belies,level1
Belittle,level2
Bellicose,level2
Belligerent,level4
Bemoan,level1
Bemused,level2
Benefit,level2
Benevolent,level4
Benign,level1
Bequeath,level2
Berate,level1
Bereft,level1
Besieged,level2
Betray,level1
Between,level1
Beverage,level2
Bewilder,level2
Bewildered,level3
Biased,level2
Bickering,level3
Bicycle,level1
Bipartisan,level3
Bittersweet,level3
Blasphemy,level2
Blatant,level1
Bleats,level1
Blissful,level2
Blossom,level1
Bludgeon,level2
Boastful,level2
Boisterous,level4
Bolster,level1
Braggart,level2
Brandish,level2
Brazen,level1
Breach,level1
Breadth,level1
Brevity,level3
Britain,level1
Brooding,level2
Bruise,level1
Brusque,level1
Buckle,level1
Bumbling,level2
Buoyant,level1
Burden,level1
Burgeon,level1
Bustling,level2
Buttress,level2
Cacophony,level3
Cajole,level1
Calamity,level4
Callous,level1
Callow,level1
Camaraderie,level3
Candid,level1
Candidate,level2
Candour,level1
Cantankerous,level4
Capacious,level3
Capricious,level4
Captivating,level3
Careering,level2
Caricature,level4
Cascade,level1
Catastrophe,level3
Category,level3
Cathartic,level3
Caulking,level2
Cavorting,level2
Celestial,level3
Cemetery,level3
Censure,level2
Certitude,level3
Challenging,level3
Chameleon,level2
Charismatic,level4
Charlatan,level2
Charming,level2
Charred,level1
Chastised,level2
Chauvinist,level3
Cherished,level2
Chicanery,level3
Chivalrous,level4
Choreographer,level3
Chortle,level1
Chronicle,level2
Chronology,level4
Clamber,level1
Clamour,level1
Clemency,level3
Clement,level2
Cliché,level1
Coarse,level1
Coerce,level1
Coercion,level3
Coherent,level3
Coincidence,level4
Collaborate,level3
Colloquial,level4
Combat,level1
Comforting,level3
Comical,level2
Commemorate,level3
Commence,level3
Commit,level1
Commotion,level3
Communicate,level3
Companion,level3
Compel,level1
Compelling,level3
Competition,level4
Compile,level1
Complacent,level4
Complaisant,level4
Completely,level3
Complex,level1
Compliance,level4
Complicit,level2
Complicity,level4
Compliment,level4
Compose,level1
Composed,level3
Composition,level4
Composure,level3
Comprehend,level3
Compromise,level3
Comrade,level1
Conceal,level2
Concede,level1
Conceited,level3
Conceivable,level4
Concentrated,level3
Concerted,level3
Conciliatory,level3
Concise,level2
Conclude,level2
Conclusion,level4
Conclusive,level4
Concur,level1
Condemn,level1
Condescension,level4
Condone,level1
Conducive,level3
Conferred,level3
Confine,level1
Confiscate,level3
Confiscated,level3
Confound,level2
Congenial,level3
Connoisseur,level3
Conquer,level2
Conscience,level4
Conscientious,level4
Conscious,level3
Consensus,level2
Consent,level2
Consenting,level3
Conserve,level2
Consideration,level4
Consist,level2
Consistency,level3
Conspicuous,level4
Conspire,level2
Constant,level3
Constraint,level3
Construe,level2
Consume,level1
Contagious,level4
Contemplate,level3
Contemporary,level4
Contempt,level2
Contemptible,level4
Contemptuous,level4
Contend,level1
Content,level2
Contented,level3
Contentious,level4
Contest,level2
Continuous,level4
Contract,level2
Contrast,level2
Contribute,level3
Contrite,level2
Contrition,level4
Contrived,level3
Conundrum,level2
Conventional,level4
Convert,level1
Convey,level2
Convict,level1
Convince,level2
Convoluted,level3
Cooperative,level4
Copious,level2
Cordial,level2
Corroborate,level3
Corrosive,level3
Courageous,level4
Covert,level1
Covet,level1
Craving,level1
Credence,level3
Credibility,level4
Credit,level1
Credulous,level3
Crest-fallen,level3
Criterion,level2
Crucial,level1
Cryptic,level1
Culpable,level3
Cultivate,level2
Cunning,level1
Curate,level1
Curious,level1
Cursory,level2
Curtail,level1
Customary,level3
Cynic,level1
Cynicism,level3
Dawdle,level1
Dazzling,level2
Dearth,level1
Debilitate,level3
Debonair,level2
Debrief,level1
Debunk,level1
Decadent,level3
Deceit,level1
Deceive,level2
Decisive,level3
Decline,level1
Decorum,level2
Decree,level1
Deduction,level3
Defame,level1
Deference,level3
Defiance,level3
Defy,level1
Degenerate,level3
Degrade,level1
Deject,level1
Delectable,level4
Deliberate,level3
Delightful,level3
Delineate,level3
Delirious,level3
Delude,level1
Deluded,level2
Deluge,level1
Demeanour,level2
Demolished,level3
Demote,level1
Demotion,level3
Demure,level2
Denounce,level2
Depict,level1
Deplore,level1
Deploy,level2
Deposit,level2
Depot,level1
Depraved,level3
Depravity,level4
Deprecate,level3
Depressing,level3
Derail,level1
Deranged,level3
Derelict,level2
Deride,level1
Derision,level3
Derisive,level3
Derivative,level4
Description,level4
Desecration,level4
Desire,level1
Desist,level2
Desolate,level3
Despair,level1
Desperately,level3
Despicable,level4
Despise,level2
Despised,level3
Despondent,level4
Despot,level1
Destination,level4
Destitute,level2
Detached,level3
Detain,level1
Deteriorate,level3
Determine,level2
Deterrent,level3
Detractors,level3
Detrimental,level4
Devious,level2
Devise,level2
Devote,level1
Devoted,level2
Devour,level1
Diabolical,level4
Diametrically,level3
Diatribe,level2
Diction,level2
Diffident,level3
Diffuse,level1
Digest,level1
Digression,level4
Dilapidated,level3
Diligence,level3
Diligent,level3
Diluted,level2
Diminish,level2
Diminution,level4
Disarray,level3
Disastrous,level4
Disband,level1
Discerning,level3
Disclose,level2
Discombobulated,level3
Discontent,level4
Discordant,level4
Discredit,level2
Discreet,level2
Discrepancy,level3
Discretionary,level4
Discriminating,level3
Discursive,level4
Disdain,level1
Disembark,level2
Dishevelled,level3
Disinclination,level4
Disintegrate,level3
Disinterested,level3
Dismal,level2
Dismantle,level2
Dismay,level2
Disparage,level3
Disparaging,level3
Disparate,level3
Disparity,level4
Dispassionate,level3
Dispel,level1
Disperse,level2
Disputatious,level4
Disseminate,level3
Dissent,level2
Dissipate,level3
Dissonance,level4
Dissuade,level2
Distant,level2
Distasteful,level3
Distinguished,level3
Distort,level1
Distress,level2
Distressing,level3
Disturbing,level3
Divergent,level3
Diverse,level1
Divine,level1
Divinity,level4
Divulge,level1
Docile,level1
Doctrine,level2
Dogmatic,level3
Dormant,level1
Double,level1
Doubtful,level2
Drought,level1
Dubious,level1
Duplicity,level4
Durable,level1
Duration,level3
Duress,level1
Dutiful,level2
Dwelling,level2
Dwindle,level1
Earnest,level1
Ebullient,level3
Eccentric,level3
Eclectic,level3
Eclipse,level1
Edible,level1
Eerie,level1
Effervescent,level4
Effigy,level2
Effusion,level3
Egotistical,level4
Elated,level2
Eloquence,level3
Eloquent,level3
Elude,level1
Elusive,level2
Emanate,level2
Embellish,level3
Embroiled,level3
Eminent,level2
Emphasis,level2
Emphatic,level3
Emulate,level2
Enchant,level2
Enchanting,level3
Endeavour,level2
Endorse,level1
Endure,level2
Enduring,level3
Engender,level3
Engrossed,level3
Enigma,level2
Enigmatic,level3
Enmity,level3
Enormity,level4
Enormousness,level4
Enrage,level2
Entendre,level2
Enterprise,level3
Enthral,level2
Enthralling,level3
Enthusiasm,level3
Enumerate,level3
Envelop,level2
Ephemeral,level3
Epic,level1
Epiphany,level3
Episodic,level3
Epoch,level1
Eponym,level2
Equanimity,level4
Equipped,level2
Equivocal,level3
Equivocate,level3
Era,level1
Erasable,level3
Erect,level1
Errand,level1
Erratic,level2
Erroneous,level3
Erudite,level2
Escalate,level2
Esoteric,level3
Espouse,level1
Esteem,level1
Ethereal,level3
Eulogy,level2
Euphemism,level3
Euphonious,level4
Euphoria,level2
Evaluation,level4
Evanescent,level4
Exacerbate,level3
Exacting,level2
Exaggerate,level3
Exalt,level1
Exasperated,level3
Exception,level3
Exclaim,level1
Excruciating,level3
Exemplary,level3
Exemplify,level3
Exhaustive,level4
Exhilarating,level3
Exhort,level1
Exonerate,level3
Expedient,level3
Expedite,level2
Expel,level1
Expertise,level2
Explicit,level2
Expository,level3
Expunge,level1
Exquisite,level2
Extinction,level4
Extol,level1
Extract,level1
Extraneous,level4
Extraordinary,level4
Extricate,level2
Extrovert,level2
Exuberance,level4
Exuberant,level3
Facile,level1
Facilitate,level3
Fallacious,level4
Falter,level1
Famine,level1
Fanaticism,level4
Farcical,level3
Fascinated,level3
Fastidious,level4
Fateful,level2
Fathom,level1
Fatuous,level1
Feasible,level3
Femininity,level4
Feral,level1
Ferocity,level4
Fervour,level1
Fiasco,level1
Fickle,level1
Fierce,level1
Figurative,level4
Filly,level1
Finesse,level1
Flabbergast,level3
Flagrant,level3
Flamboyant,level4
Flattering,level3
Flatulence,level4
Flawed,level1
Flawless,level2
Flimsy,level1
Flippant,level3
Flora,level1
Florid,level1
Fluctuate,level2
Foal,level1
Foolhardy,level2
Foreboding,level3
Foremost,level2
Foresight,level2
Forestall,level2
Formidable,level4
Forsake,level1
Forthright,level4
Fortuitous,level4
Foster,level1
Fracas,level1
Frantic,level1
Fraudulent,level4
Fretful,level1
Frightful,level2
Frivolous,level3
Frugal,level1
Frugality,level4
Fulfilled,level2
Furtive,level1
Furtively,level3
Futile,level1
Gallant,level1
Galvanise,level2
Galvanize,level2
Garbled,level1
Gargantuan,level4
Garrulous,level3
Gasket,level1
Genealogy,level4
Genial,level1
Gentility,level4
Gloomy,level1
Glutton,level1
Gluttonous,level4
Gnarled,level1
Goaded,level1
Gracious,level3
Grandeur,level2
Grandiose,level2
Granular,level2
Grata,level1
Gratifying,level4
Gratuitous,level4
Gravity,level3
Gregarious,level4
Grievance,level3
Grieve,level1
Grotesque,level2
Grudging,level2
Guarantee,level2
Gullible,level3
Gung-ho,level1
Guttural,level3
Habitable,level3
Hackneyed,level2
Hallowed,level2
Hamper,level1
Handsome,level2
Harass,level1
Harbour,level1
Hardy,level1
Harmonious,level4
Haughtiness,level4
Haughty,level1
Hearth,level1
Heartless,level2
Hectic,level1
Hedonist,level2
Heeding,level1
Heedless,level2
Heinous,level1
Helix,level1
Heresy,level2
Heroic,level1
Hesitant,level3
Hiatus,level1
Hierarchical,level4
Hierarchy,level2
Hilarious,level3
Hinder,level1
Hindrance,level3
Homogeneous,level4
Homograph,level2
Homonym,level2
Homophone,level3
Horrendous,level4
Hospitable,level4
Hostile,level1
Hostility,level4
Hubris,level1
Humane,level1
Humiliate,level3
Humorous,level3
Hybrid,level1
Hygienic,level3
Hyperbole,level3
Hypocrite,level3
Hypocritical,level4
Hypothetical,level4
Hysterical,level4
Idiom,level1
Idiosyncrasy,level4
Idyllic,level2
Ignominious,level4
Ignominy,level3
Illicit,level2
Illuminate,level4
Illusory,level3
Illustrious,level4
Imbalance,level4
Immaculate,level4
Immerse,level1
Imminent,level4
Immoral,level2
Immutable,level4
Impair,level1
Impartial,level4
Impassive,level4
Impeccable,level4
Impecunious,level4
Impede,level1
Impel,level1
Imperative,level4
Imperceptible,level4
Imperious,level4
Impermeable,level4
Impervious,level4
Impetuous,level4
Implausible,level4
Implicate,level3
Implicitly,level4
Implied,level2
Impose,level1
Imposter,level3
Impoverished,level4
Impregnated,level4
Impromptu,level3
Improvise,level3
Imprudent,level4
Impudence,level4
Impudent,level4
Inaccurate,level4
Inadequate,level4
Inadvertently,level4
Inane,level1
Inattentive,level4
Inaudible,level4
Inaugural,level4
Inaugurate,level4
Incense,level1
Incentive,level4
Incessant,level4
Incidental,level4
Incision,level4
Incisive,level4
Incite,level1
Incline,level1
Inclusive,level4
Incoherent,level4
Incongruous,level4
Inconsequential,level4
Inconspicuous,level4
Inconvenient,level4
Incorporate,level4
Incorrigible,level4
Incredulous,level4
Incumbent,level4
Indifferent,level4
Indigent,level4
Indignant,level4
Indiscriminate,level4
Indolent,level4
Indomitable,level4
Induce,level1
Indulge,level1
Industrious,level4
Inedible,level4
Ineffable,level4
Ineffectual,level4
Inept,level1
Ineptitude,level4
Inequity,level4
Inert,level1
Inertia,level2
Inevitable,level4
Inevitably,level4
Inexplicable,level4
Infamous,level4
Infamy,level2
Infatuate,level3
Infer,level1
Inference,level4
Infernal,level4
Infiltrate,level4
Influential,level4
Infuse,level1
Ingenious,level4
Ingrate,level2
Inhabitant,level4
Inhale,level1
Inherent,level4
Initiate,level3
Injustice,level3
Innate,level2
Innocuous,level4
Innovation,level4
Innuendo,level3
Inopportune,level4
Inquisitive,level4
Insatiable,level4
Insidious,level4
Insightful,level4
Insignificant,level4
Insinuate,level3
Insipid,level2
Insistent,level4
Insolent,level4
Inspiring,level3
Instigate,level3
Instructive,level4
Insufferable,level4
Insular,level2
Insulting,level3
Insurgent,level4
Insurmountable,level4
Intact,level1
Intangible,level4
Integral,level4
Integrity,level4
Intercede,level3
Intermittent,level4
Interpret,level3
Interrogate,level4
Intervene,level3
Intimate,level3
Intimidate,level4
Intractable,level4
Intrepid,level3
Intricate,level3
Intrinsic,level4
Introspective,level4
Introvert,level3
Intuition,level4
Intuitive,level4
Inundate,level3
Invaluable,level4
Irascible,level4
Irate,level1
Ironic,level2
Irrational,level4
Irrelevant,level4
Irreproachable,level4
Irresolute,level4
Irreverence,level4
Irreverent,level4
Isolation,level4
Jabber,level1
Jargon,level1
Jeopardy,level3
Jewel,level1
Jittery,level2
Jocular,level2
Jovial,level1
Joyous,level1
Judicious,level3
Justification,level4
Juxtapose,level3
Kindle,level1
Kowtow,level1
Labyrinth,level3
Laconic,level2
Lament,level1
Languid,level1
Languish,level3
Lassitude,level3
Lavish,level1
Legacy,level2
Lenient,level1
Lethargic,level3
Levity,level3
Libel,level1
Linger,level1
Listlessness,level4
Litigation,level4
Litotes,level2
Loathe,level1
Loathsome,level3
Lofty,level1
Loquacious,level4
Lucid,level1
Lucrative,level4
Ludicrous,level3
Luminary,level4
Luminous,level3
Lunar,level1
Lurid,level1
Lustrous,level3
Macabre,level1
Machiavellian,level4
Machinate,level3
Magnanimous,level4
Magnate,level1
Magnetic,level3
Majestic,level3
Maladroit,level3
Malady,level2
Malapropism,level4
Malevolent,level4
Malice,level1
Malicious,level3
Malign,level1
Malignant,level3
Malleable,level3
Manageable,level4
Mangle,level1
Manifest,level3
Mariner,level2
Marred,level2
Masculinity,level4
Materialism,level4
Maverick,level3
Mayhem,level2
Meander,level2
Meanders,level3
Measly,level2
Meddle,level2
Mediate,level2
Mediocre,level3
Mediocrity,level4
Meditative,level4
Medley,level2
Melancholic,level4
Melancholy,level4
Melee,level1
Mellow,level2
Melodious,level3
Menacing,level3
Mercenary,level4
Merciless,level3
Mercurial,level3
Merry,level1
Mesmerise,level3
Metaphor,level3
Methodical,level4
Meticulous,level4
Metonymy,level3
Mimic,level2
Miniscule,level3
Misanthrope,level4
Miscellaneous,level4
Mischievous,level4
Miserly,level2
Misogynist,level4
Misspent,level4
Mitigate,level3
Mitigating,level4
Mnemonic,level3
Modus,level1
Mogul,level1
Mollify,level2
Momentous,level3
Monochrome,level4
Monotonous,level4
Monotony,level3
Morbid,level2
Morose,level2
Mournful,level3
Mundane,level2
Munificence,level4
Muted,level1
Mutual,level2
Naive,level1
Naivete,level2
Narrative,level4
Nauseam,level2
Nauseating,level4
Nauseous,level3
Nefarious,level3
Negate,level2
Negotiate,level3
Nemesis,level2
Nobility,level4
Nominal,level2
Nonchalant,level4
Nonentity,level4
Nonplussed,level4
Nostalgia,level3
Noteworthy,level4
Notoriety,level3
Nouveau-riche,level4
Novelty,level2
Novice,level2
Nuance,level2
Nullify,level2
Nurseryman,level4
Obdurate,level3
Obedient,level3
Obfuscate,level3
Obligatory,level4
Obliterate,level4
Oblivion,level3
Oblivious,level3
Oblong,level2
Obnoxious,level3
Obsequious,level4
Obsessive,level3
Obstreperous,level4
Obtuse,level2
Officious,level3
Ominous,level2
Omit,level1
Omnivore,level3
Onerous,level2
Onomatopoeia,level4
Opaque,level2
Operandi,level3
Opportunist,level4
Optimal,level2
Optimist,level3
Optional,level3
Opulence,level3
Orator,level2
Ordained,level3
Ordeal,level2
Ornate,level2
Orthodontist,level4
Oscillate,level3
Ostentatious,level4
Outrageous,level4
Overbearing,level4
Overt,level1
Overwhelm,level3
Oxymoron,level3
Pacifist,level3
Pacifying,level3
Painstaking,level4
Palaeontologist,level4
Palindrome,level4
Palpable,level3
Paltry,level2
Panache,level2
Parable,level2
Paradigm,level3
Paradox,level2
Paragon,level2
Parliament,level4
Parody,level2
Parry,level1
Parsimony,level3
Partial,level2
Partisan,level3
Pathetic,level3
Patronising,level4
Patronizing,level4
Pedantic,level3
Pejorative,level4
Penchant,level3
Pensive,level2
Perceptive,level4
Perchance,level3
Perfunctory,level4
Peripheral,level4
Perjury,level2
Pernicious,level4
Perpetual,level3
Perpetuate,level4
Perplexing,level4
Persevere,level3
Persona,level2
Perturbed,level3
Pervasive,level3
Pessimism,level3
Pessimist,level3
Petty,level1
Petulant,level3
Phalanx,level2
Phenomena,level3
Phenomenon,level4
Philanthropist,level4
Philosophical,level4
Physiotherapy,level4
Picturesque,level4
Pillage,level2
Pining,level2
Pious,level1
Pitfall,level2
Pithy,level1
Pivotal,level2
Placate,level2
Plagiarise,level4
Plagiarize,level4
Plaintiff,level3
Platitude,level3
Plausible,level3
Pleasing,level3
Pleasurable,level4
Plenary,level2
Plethora,level3
Pliant,level2
Plight,level2
Plummet,level2
Poignancy,level3
Poignant,level3
Polarity,level4
Pomposity,level4
Ponder,level2
Ponderous,level3
Porous,level2
Potent,level2
Potential,level3
Pragmatic,level3
Prattle,level2
Precedent,level4
Precipitate,level4
Precipitous,level4
Preclude,level3
Precocious,level4
Predator,level3
Predecessor,level4
Predicament,level4
Predilection,level4
Predominantly,level4
Prejudiced,level4
Prelude,level2
Preposterous,level4
Prestige,level3
Presumptuous,level4
Pretence,level4
Pretentious,level4
Prevalent,level4
Pristine,level3
Problematic,level4
Proclaim,level3
Proclivity,level4
Procure,level2
Prodigal,level4
Prodigious,level4
Prodigy,level2
Profane,level2
Profess,level2
Profligate,level4
Profound,level3
Profusion,level4
Proliferation,level4
Prolific,level4
Prologue,level3
Prominence,level4
Prophetic,level4
Propriety,level3
Prosper,level2
Protagonist,level4
Protract,level3
Proverb,level2
Provincial,level4
Provisional,level4
Provocative,level4
Proximity,level4
Prudence,level3
Prudent,level2
Pseudonym,level3
Pugnacious,level4
Pungent,level2
Punitive,level3
Quagmire,level3
Quandary,level4
Quarantine,level4
Quarry,level2
Querulous,level3
Quintessential,level4
Quondary,level4
Raconteur,level3
Raiment,level2
Ramble,level2
Ramification,level4
Rampant,level2
Rancour,level2
Ransack,level2
Rant,level1
Rapacious,level4
Rapid,level1
Rarity,level3
Ratify,level2
Rationale,level3
Raucous,level2
Ravenous,level3
Reactionary,level4
Rebuttal,level4
Recalcitrant,level4
Recant,level2
Recede,level2
Receptacle,level4
Receptive,level4
Recluse,level2
Reclusive,level4
Recount,level2
Rectify,level2
Recuperate,level4
Redemption,level4
Redundant,level4
Reflective,level4
Refute,level2
Regretful,level3
Reinvigorate,level4
Reiterate,level3
Relatively,level4
Relegate,level3
Relinquish,level4
Relish,level2
Reluctant,level4
Reminiscent,level4
Remnant,level2
Remnants,level3
Remorse,level2
Renegade,level3
Renounce,level3
Renowned,level3
Repel,level1
Repelled,level3
Repentant,level4
Repercussions,level4
Replete,level2
Reprehensible,level4
Repress,level2
Reprieve,level3
Reproach,level3
Reprove,level2
Repudiate,level3
Repugnant,level4
Repulsive,level4
Rescind,level2
Residue,level2
Resigned,level3
Resilience,level4
Resonant,level4
Resonates,level3
Respite,level2
Resplendent,level4
Responsibility,level4
Restraint,level3
Reticent,level4
Retiring,level3
Retort,level2
Retract,level2
Retrieve,level3
Revere,level2
Reverence,level4
Reverent,level4
Revile,level2
Rhapsody,level3
Rhetoric,level3
Rhetorical,level4
Rigorous,level3
Rigueur,level2
Risqué,level2
Rudimentary,level4
Rueful,level2
Ruffian,level2
Rummage,level2
Rupture,level2
Ruthless,level3
Sabotage,level3
Sagacious,level4
Sanctimonious,level4
Sanction,level4
Sanctity,level4
Sanctuary,level4
Sanguine,level3
Sarcasm,level2
Sarcastic,level3
Satisfying,level4
Saturate,level3
Savoury,level2
Scarcity,level4
Scenic,level2
Sceptical,level4
Scholastic,level4
Scintillating,level4
Scrupulous,level4
Scrutinise,level4
Scrutinize,level4
Scurrilous,level4
Secluded,level3
Seclusion,level4
Sectarian,level3
Secular,level2
Sedentary,level4
Segue,level1
Self-deprecating,level4
Self-effacing,level4
Self-righteous,level4
Semantics,level3
Sequester,level3
Serendipity,level4
Serene,level2
Serenity,level4
Servile,level2
Severe,level2
Severity,level4
Shallow,level2
Shrewd,level2
Shrill,level2
Significant,level4
Silhouette,level4
Simile,level2
Singular,level3
Sinister,level3
Slacken,level2
Slander,level2
Slothful,level3
Slovenly,level3
Sluggish,level3
Sociable,level3
Solemnity,level4
Solicit,level2
Solitude,level3
Sombre,level2
Sonnet,level2
Soothing,level3
Sophisticated,level4
Spendthrift,level4
Sphere,level2
Spiteful,level3
Spontaneity,level4
Spontaneous,level4
Spoonerism,level4
Sporadic,level3
Spurious,level3
Squabble,level3
Squalor,level2
Squander,level3
Squeak,level2
Stagnant,level3
Stance,level2
Stanza,level2
Static,level2
Steadfast,level3
Stereotype,level4
Stimulating,level4
Stingy,level2
Stipulatory,level4
Stoic,level1
Stolid,level2
Strenuous,level3
Strident,level3
Stringent,level3
Stupefy,level2
Stupidity,level4
Stupor,level2
Sublime,level2
Subordinate,level4
Subservient,level4
Subside,level2
Substantial,level4
Substantiate,level4
Subterfuge,level4
Subtlety,level3
Succinct,level3
Suggestible,level4
Sundry,level2
Supercilious,level4
Superficial,level4
Superiority,level4
Supersede,level3
Supplicate,level4
Suppress,level3
Surly,level2
Surmount,level3
Surpass,level2
Surreptitious,level4
Susceptible,level4
Swallow,level2
Sweltering,level4
Swindler,level3
Sycophancy,level4
Sycophant,level3
Symbolism,level3
Symmetry,level3
Sympathiser,level4
Synecdoche,level4
Synonym,level2
Taciturn,level3
Tactile,level2
Tangible,level3
Tantamount,level4
Tapestry,level3
Tardy,level1
Tautology,level4
Taxing,level2
Tedious,level2
Temper,level2
Tenacity,level4
Tenant,level2
Tentative,level4
Tenuous,level2
Terminate,level3
Termination,level4
Threadbare,level4
Thrilled,level3
Thrive,level2
Thwart,level2
Tirade,level2
Tormenting,level4
Tractable,level3
Tranquility,level4
Tranquillity,level4
Transcendent,level4
Transient,level4
Transparent,level4
Treacherous,level4
Treachery,level3
Trepidation,level4
Trifling,level3
Turbulence,level4
Turmoil,level2
Tyranny,level2
Ubiquitous,level4
Ultimatum,level3
Unanimous,level4
Uncanny,level2
Uncaring,level3
Undermine,level3
Unforgiving,level4
Unfurl,level2
Uniformity,level4
Universal,level4
Unkempt,level2
Unprecedented,level4
Unpretentious,level4
Unrequited,level4
Unscrupulous,level4
Untoward,level3
Unwarranted,level4
Unwitting,level3
Unworthy,level3
Usurp,level1
Utopian,level2
Vacillate,level3
Vacuous,level2
Vague,level1
Vanadium,level3
Vanguard,level3
Vantage,level2
Vapid,level1
Various,level2
Venerate,level3
Vengeance,level3
Venomous,level3
Ventriloquist,level4
Veracity,level4
Verbose,level2
Verdant,level2
Vernacular,level4
Viable,level2
Vigilant,level3
Vigorous,level3
Vigorously,level4
Vigour,level2
Vilify,level2
Vindicate,level3
Vindictive,level4
Virtue,level2
Virtuoso,level3
Virulent,level3
Vitriolic,level3
Vivacious,level4
Vivid,level1
Vixen,level1
Vociferous,level4
Voluminous,level4
Voracious,level4
Voyeurism,level3
Voyeuristic,level4
Vulgar,level2
Wary,level2
Whimsical,level4
Whinging,level3
Whining,level2
Wicked,level2
Wilful,level2
Wistful,level2
Withered,level3
Withhold,level3
Witty,level1
Woeful,level2
Wretch,level2
Yearned,level2
Yearning,level3
Zealot,level2
Zealous,level2
Zestful,level2
